__run_id,__done,script_name,rep,wall_seconds,energy_joules,avg_cpu_util_percent,peak_memory_mb
run_0_repetition_0,DONE,baseline_bfs,1,25.782341957092285,81.25,24.442205323193917,4.0
run_1_repetition_0,DONE,baseline_bfs,2,25.67927598953247,81.41000000000003,25.070542635658914,4.140625
run_2_repetition_0,DONE,baseline_bfs,3,25.376919984817505,78.76000000000002,25.25294117647059,4.0625
run_3_repetition_0,DONE,baseline_bfs,4,25.725736141204834,81.43,25.129069767441862,4.015625
run_4_repetition_0,DONE,baseline_bfs,5,25.278106927871704,78.80000000000001,25.153149606299213,4.015625
run_5_repetition_0,DONE,baseline_bfs,6,25.287837982177734,78.81,24.94862745098039,4.109375
run_6_repetition_0,DONE,baseline_bfs,7,25.406426906585693,81.42000000000002,24.76409266409266,4.09375
run_7_repetition_0,DONE,baseline_bfs,8,25.24319100379944,78.79,25.221653543307088,3.9375
run_8_repetition_0,DONE,baseline_bfs,9,25.995989084243774,81.41,25.080459770114942,4.0625
run_9_repetition_0,DONE,baseline_bfs,10,25.602038860321045,78.78,25.145525291828793,4.0
run_10_repetition_0,DONE,baseline_bfs,11,25.521058797836304,78.80000000000001,25.06225680933852,4.046875
run_11_repetition_0,DONE,baseline_bfs,12,25.24032163619995,78.78,25.235826771653542,4.015625
run_12_repetition_0,DONE,baseline_bfs,13,25.535984992980957,78.76,25.158203125,4.015625
run_13_repetition_0,DONE,baseline_bfs,14,25.210928201675415,78.79,25.206324110671936,4.078125
run_14_repetition_0,DONE,baseline_bfs,15,25.552549123764038,78.77,25.138521400778213,4.015625
run_15_repetition_0,DONE,baseline_bfs,16,25.633355855941772,78.79,25.147859922178988,4.015625
run_16_repetition_0,DONE,baseline_bfs,17,25.471341133117676,81.43,24.987984496124028,4.015625
run_17_repetition_0,DONE,baseline_bfs,18,25.31861400604248,78.80000000000001,25.05748031496063,4.078125
run_18_repetition_0,DONE,baseline_bfs,19,25.21713399887085,78.79,25.061660079051386,3.953125
run_19_repetition_0,DONE,baseline_bfs,20,25.786098957061768,81.45,25.038610038610038,4.0625
run_20_repetition_0,DONE,baseline_bfs,21,25.54264497756958,78.78000000000002,25.2625,4.046875
run_21_repetition_0,DONE,baseline_bfs,22,25.283883810043335,78.77000000000001,25.09015748031496,3.953125
run_22_repetition_0,DONE,baseline_bfs,23,25.525975942611694,78.82000000000001,24.95953307392996,4.015625
run_23_repetition_0,DONE,baseline_bfs,24,25.35616898536682,81.44000000000003,25.032421875,4.015625
run_24_repetition_0,DONE,baseline_bfs,25,25.242221117019653,78.78000000000002,25.04251968503937,4.0625
run_25_repetition_0,DONE,baseline_bfs,26,25.428301095962524,78.78000000000002,25.13125,4.109375
run_26_repetition_0,DONE,baseline_bfs,27,25.060425996780396,78.80000000000001,25.195634920634923,4.046875
run_27_repetition_0,DONE,baseline_bfs,28,25.28838801383972,78.79,25.172156862745098,3.984375
run_28_repetition_0,DONE,baseline_bfs,29,25.666728019714355,81.41000000000001,25.143410852713178,4.03125
run_29_repetition_0,DONE,baseline_bfs,30,25.846024990081787,91.13999999999999,23.47948717948718,4.03125
run_30_repetition_0,DONE,optimized_bfs,1,9.578636884689331,39.239999999999995,24.11212121212121,4.046875
run_31_repetition_0,DONE,optimized_bfs,2,9.359945058822632,36.57000000000001,24.50721649484536,4.0
run_32_repetition_0,DONE,optimized_bfs,3,9.368897914886475,36.57000000000001,24.75154639175258,4.0625
run_33_repetition_0,DONE,optimized_bfs,4,9.218317985534668,36.57000000000001,24.795833333333334,4.0625
run_34_repetition_0,DONE,optimized_bfs,5,9.249130964279175,36.550000000000004,24.95,4.078125
run_35_repetition_0,DONE,optimized_bfs,6,9.369703769683838,36.56,24.54226804123711,4.078125
run_36_repetition_0,DONE,optimized_bfs,7,9.317957162857056,39.120000000000005,23.4990099009901,4.078125
run_37_repetition_0,DONE,optimized_bfs,8,9.34753680229187,41.589999999999996,24.994791666666668,4.03125
run_38_repetition_0,DONE,optimized_bfs,9,9.357290983200073,36.56,24.777319587628867,4.140625
run_39_repetition_0,DONE,optimized_bfs,10,9.380541801452637,36.57000000000001,24.842268041237112,4.046875
run_40_repetition_0,DONE,optimized_bfs,11,9.296785831451416,36.56,24.938541666666666,4.046875
run_41_repetition_0,DONE,optimized_bfs,12,9.346778154373169,36.550000000000004,24.883505154639174,4.0625
run_42_repetition_0,DONE,optimized_bfs,13,9.249258995056152,36.550000000000004,24.757291666666664,4.046875
run_43_repetition_0,DONE,optimized_bfs,14,9.321846961975098,36.56,24.66979166666667,4.0
run_44_repetition_0,DONE,optimized_bfs,15,9.402134895324707,36.550000000000004,24.804123711340207,4.078125
run_45_repetition_0,DONE,optimized_bfs,16,9.376097917556763,36.550000000000004,24.673195876288663,4.125
run_46_repetition_0,DONE,optimized_bfs,17,9.377806901931763,36.540000000000006,24.826804123711337,4.234375
run_47_repetition_0,DONE,optimized_bfs,18,9.489853858947754,36.54,24.835714285714285,4.015625
run_48_repetition_0,DONE,optimized_bfs,19,9.304280996322632,36.550000000000004,25.120833333333334,4.0625
run_49_repetition_0,DONE,optimized_bfs,20,9.194630861282349,36.57,24.989473684210527,4.015625
run_50_repetition_0,DONE,optimized_bfs,21,9.300082921981812,36.550000000000004,25.05,3.96875
run_51_repetition_0,DONE,optimized_bfs,22,9.3001549243927,36.540000000000006,25.020833333333332,4.0625
run_52_repetition_0,DONE,optimized_bfs,23,9.422868013381958,36.53,24.743298969072164,4.015625
run_53_repetition_0,DONE,optimized_bfs,24,9.308789014816284,36.540000000000006,25.036458333333332,4.015625
run_54_repetition_0,DONE,optimized_bfs,25,9.318170070648193,36.550000000000004,25.001041666666666,4.046875
run_55_repetition_0,DONE,optimized_bfs,26,9.326425075531006,36.540000000000006,24.613541666666666,3.984375
run_56_repetition_0,DONE,optimized_bfs,27,9.425195932388306,36.540000000000006,24.61237113402062,4.015625
run_57_repetition_0,DONE,optimized_bfs,28,9.318904638290405,36.56,24.74845360824742,4.015625
run_58_repetition_0,DONE,optimized_bfs,29,9.23635983467102,36.540000000000006,24.870526315789473,3.953125
run_59_repetition_0,DONE,optimized_bfs,30,9.428348779678345,36.53000000000001,24.598969072164948,4.0
run_60_repetition_0,DONE,baseline_equilibrium_index,1,5.968509912490845,28.62,24.614285714285714,4.078125
run_61_repetition_0,DONE,baseline_equilibrium_index,2,6.2804179191589355,28.62,24.50151515151515,4.015625
run_62_repetition_0,DONE,baseline_equilibrium_index,3,5.332265138626099,26.0,24.37543859649123,4.125
run_63_repetition_0,DONE,baseline_equilibrium_index,4,6.270488977432251,28.630000000000003,24.542424242424243,3.9375
run_64_repetition_0,DONE,baseline_equilibrium_index,5,6.367531061172485,28.650000000000002,24.261194029850746,4.015625
run_65_repetition_0,DONE,baseline_equilibrium_index,6,6.212012052536011,28.630000000000003,24.934848484848487,4.015625
run_66_repetition_0,DONE,baseline_equilibrium_index,7,6.39557409286499,28.620000000000005,24.48805970149254,4.03125
run_67_repetition_0,DONE,baseline_equilibrium_index,8,5.41697096824646,25.98,24.563793103448276,4.140625
run_68_repetition_0,DONE,baseline_equilibrium_index,9,5.327448129653931,25.990000000000002,24.42982456140351,4.0625
run_69_repetition_0,DONE,baseline_equilibrium_index,10,5.547268867492676,25.980000000000004,24.230508474576272,4.078125
run_70_repetition_0,DONE,baseline_equilibrium_index,11,6.224363088607788,28.610000000000003,24.87121212121212,4.09375
run_71_repetition_0,DONE,baseline_equilibrium_index,12,5.411824941635132,25.98,24.637931034482758,4.046875
run_72_repetition_0,DONE,baseline_equilibrium_index,13,5.434359788894653,25.96,24.720689655172414,3.984375
run_73_repetition_0,DONE,baseline_equilibrium_index,14,6.2767510414123535,28.610000000000003,24.574242424242424,3.953125
run_74_repetition_0,DONE,baseline_equilibrium_index,15,6.1923158168792725,28.62,24.995454545454546,4.015625
run_75_repetition_0,DONE,baseline_equilibrium_index,16,5.983999013900757,28.63,24.547619047619047,4.125
run_76_repetition_0,DONE,baseline_equilibrium_index,17,6.191504716873169,28.630000000000003,24.863636363636363,4.125
run_77_repetition_0,DONE,baseline_equilibrium_index,18,6.360532999038696,28.630000000000003,24.18059701492537,4.0625
run_78_repetition_0,DONE,baseline_equilibrium_index,19,6.375535011291504,28.630000000000003,24.295588235294115,3.96875
run_79_repetition_0,DONE,baseline_equilibrium_index,20,6.278423070907593,28.630000000000003,24.313636363636363,4.078125
run_80_repetition_0,DONE,baseline_equilibrium_index,21,6.166804075241089,28.630000000000003,24.58153846153846,4.09375
run_81_repetition_0,DONE,baseline_equilibrium_index,22,6.322965860366821,28.630000000000003,24.576119402985075,4.03125
run_82_repetition_0,DONE,baseline_equilibrium_index,23,5.340394020080566,25.990000000000002,24.250877192982454,4.078125
run_83_repetition_0,DONE,baseline_equilibrium_index,24,6.259965896606445,28.64,25.015151515151516,4.078125
run_84_repetition_0,DONE,baseline_equilibrium_index,25,5.682715892791748,28.64,24.757377049180327,4.046875
run_85_repetition_0,DONE,baseline_equilibrium_index,26,6.168841123580933,28.6,25.095384615384617,4.203125
run_86_repetition_0,DONE,baseline_equilibrium_index,27,6.196003198623657,28.63,25.12878787878788,4.046875
run_87_repetition_0,DONE,baseline_equilibrium_index,28,5.238458156585693,25.99,24.623214285714287,4.046875
run_88_repetition_0,DONE,baseline_equilibrium_index,29,5.480677127838135,25.96,24.1864406779661,4.015625
run_89_repetition_0,DONE,baseline_equilibrium_index,30,6.303737163543701,28.61,24.62537313432836,4.0625
run_90_repetition_0,DONE,optimized_equilibrium_index,1,5.603111982345581,26.000000000000004,24.493333333333332,4.0
run_91_repetition_0,DONE,optimized_equilibrium_index,2,4.644184827804565,23.330000000000002,24.348000000000003,4.078125
run_92_repetition_0,DONE,optimized_equilibrium_index,3,5.423223972320557,25.99,24.394827586206898,4.078125
run_93_repetition_0,DONE,optimized_equilibrium_index,4,5.200347900390625,26.000000000000004,23.86842105263158,4.0625
run_94_repetition_0,DONE,optimized_equilibrium_index,5,4.834482908248901,25.970000000000002,25.028846153846153,4.046875
run_95_repetition_0,DONE,optimized_equilibrium_index,6,5.157543897628784,25.920000000000005,23.245454545454546,4.03125
run_96_repetition_0,DONE,optimized_equilibrium_index,7,4.872506141662598,25.980000000000004,24.862264150943396,4.078125
run_97_repetition_0,DONE,optimized_equilibrium_index,8,5.182589769363403,25.98,24.829090909090908,4.125
run_98_repetition_0,DONE,optimized_equilibrium_index,9,5.188510894775391,25.970000000000002,23.98392857142857,4.015625
run_99_repetition_0,DONE,optimized_equilibrium_index,10,5.8486127853393555,28.600000000000005,25.016129032258064,4.0
run_100_repetition_0,DONE,optimized_equilibrium_index,11,4.974710941314697,25.98,24.556603773584907,4.046875
run_101_repetition_0,DONE,optimized_equilibrium_index,12,5.424402952194214,25.98,24.639655172413793,4.03125
run_102_repetition_0,DONE,optimized_equilibrium_index,13,5.631444931030273,25.960000000000004,24.82,4.0625
run_103_repetition_0,DONE,optimized_equilibrium_index,14,5.805284023284912,28.620000000000005,24.929032258064513,4.078125
run_104_repetition_0,DONE,optimized_equilibrium_index,15,4.757503032684326,25.98,24.692156862745097,4.046875
run_105_repetition_0,DONE,optimized_equilibrium_index,16,5.114935874938965,25.990000000000002,24.50181818181818,4.09375
run_106_repetition_0,DONE,optimized_equilibrium_index,17,5.530368089675903,25.980000000000004,24.42542372881356,4.046875
run_107_repetition_0,DONE,optimized_equilibrium_index,18,4.977089166641235,25.970000000000002,24.50185185185185,4.015625
run_108_repetition_0,DONE,optimized_equilibrium_index,19,4.748773097991943,25.990000000000002,24.51923076923077,4.140625
run_109_repetition_0,DONE,optimized_equilibrium_index,20,5.058960199356079,25.98,24.75740740740741,4.046875
run_110_repetition_0,DONE,optimized_equilibrium_index,21,5.15293288230896,25.93,23.15090909090909,4.046875
run_111_repetition_0,DONE,optimized_equilibrium_index,22,5.9583580493927,28.62,24.660317460317458,4.15625
run_112_repetition_0,DONE,optimized_equilibrium_index,23,4.7541892528533936,25.990000000000002,24.71923076923077,4.078125
run_113_repetition_0,DONE,optimized_equilibrium_index,24,4.865143060684204,26.000000000000004,24.305660377358492,4.046875
run_114_repetition_0,DONE,optimized_equilibrium_index,25,4.869555950164795,26.0,24.579245283018867,4.09375
run_115_repetition_0,DONE,optimized_equilibrium_index,26,4.774494171142578,25.980000000000004,24.667307692307695,4.109375
run_116_repetition_0,DONE,optimized_equilibrium_index,27,5.55856728553772,25.980000000000004,24.255,4.03125
run_117_repetition_0,DONE,optimized_equilibrium_index,28,5.839529991149902,28.590000000000003,23.861538461538462,4.109375
run_118_repetition_0,DONE,optimized_equilibrium_index,29,5.8617987632751465,28.6,24.75483870967742,4.0
run_119_repetition_0,DONE,optimized_equilibrium_index,30,5.077571153640747,25.990000000000002,24.36,4.015625
run_120_repetition_0,DONE,baseline_floyd_warshall,1,1.5058441162109375,15.41,22.38421052631579,4.0625
run_121_repetition_0,DONE,baseline_floyd_warshall,2,1.5282418727874756,15.4,23.55263157894737,4.078125
run_122_repetition_0,DONE,baseline_floyd_warshall,3,1.8080730438232422,18.09,20.704347826086956,4.015625
run_123_repetition_0,DONE,baseline_floyd_warshall,4,1.5329031944274902,18.09,21.45,4.046875
run_124_repetition_0,DONE,baseline_floyd_warshall,5,1.6140730381011963,15.450000000000001,21.619999999999997,4.078125
run_125_repetition_0,DONE,baseline_floyd_warshall,6,1.6247549057006836,15.420000000000002,20.945,4.09375
run_126_repetition_0,DONE,baseline_floyd_warshall,7,1.4960050582885742,15.39,24.031578947368423,3.984375
run_127_repetition_0,DONE,baseline_floyd_warshall,8,1.634155035018921,15.430000000000001,22.914285714285715,4.125
run_128_repetition_0,DONE,baseline_floyd_warshall,9,1.6324989795684814,15.410000000000002,22.65,4.078125
run_129_repetition_0,DONE,baseline_floyd_warshall,10,1.6345698833465576,15.410000000000002,22.03,4.0
run_130_repetition_0,DONE,baseline_floyd_warshall,11,1.5154047012329102,15.400000000000002,23.68421052631579,4.0625
run_131_repetition_0,DONE,baseline_floyd_warshall,12,1.7451539039611816,18.040000000000003,20.318181818181817,4.078125
run_132_repetition_0,DONE,baseline_floyd_warshall,13,1.620488166809082,15.420000000000002,22.56,4.0625
run_133_repetition_0,DONE,baseline_floyd_warshall,14,1.6294939517974854,15.420000000000002,22.5,4.046875
run_134_repetition_0,DONE,baseline_floyd_warshall,15,1.536604881286621,15.400000000000002,24.125,4.0
run_135_repetition_0,DONE,baseline_floyd_warshall,16,1.6392822265625,15.420000000000002,23.19047619047619,4.0625
run_136_repetition_0,DONE,baseline_floyd_warshall,17,1.5078372955322266,15.41,22.736842105263158,4.0625
run_137_repetition_0,DONE,baseline_floyd_warshall,18,1.731126070022583,18.090000000000003,22.64090909090909,4.046875
run_138_repetition_0,DONE,baseline_floyd_warshall,19,1.512941837310791,15.410000000000002,23.38421052631579,4.09375
run_139_repetition_0,DONE,baseline_floyd_warshall,20,1.6263830661773682,15.420000000000002,22.504761904761907,3.953125
run_140_repetition_0,DONE,baseline_floyd_warshall,21,1.6213908195495605,15.440000000000001,21.82,4.078125
run_141_repetition_0,DONE,baseline_floyd_warshall,22,1.532749891281128,15.420000000000002,22.894736842105264,4.015625
run_142_repetition_0,DONE,baseline_floyd_warshall,23,1.7352771759033203,18.07,21.236363636363635,4.125
run_143_repetition_0,DONE,baseline_floyd_warshall,24,1.6282660961151123,15.420000000000002,23.071428571428573,4.1875
run_144_repetition_0,DONE,baseline_floyd_warshall,25,1.6342742443084717,15.420000000000002,22.02857142857143,4.046875
run_145_repetition_0,DONE,baseline_floyd_warshall,26,1.5219807624816895,15.410000000000002,22.61578947368421,4.0625
run_146_repetition_0,DONE,baseline_floyd_warshall,27,1.6205329895019531,15.420000000000002,21.59,4.0625
run_147_repetition_0,DONE,baseline_floyd_warshall,28,1.5275509357452393,15.430000000000001,22.30526315789474,4.078125
run_148_repetition_0,DONE,baseline_floyd_warshall,29,1.5281319618225098,15.420000000000002,22.294736842105266,4.015625
run_149_repetition_0,DONE,baseline_floyd_warshall,30,1.624575138092041,15.420000000000002,21.580000000000002,4.109375
run_150_repetition_0,DONE,optimized_floyd_warshall,1,1.524501085281372,15.410000000000002,22.647368421052633,4.015625
run_151_repetition_0,DONE,optimized_floyd_warshall,2,1.5131418704986572,15.410000000000002,22.894736842105264,4.03125
run_152_repetition_0,DONE,optimized_floyd_warshall,3,1.6237988471984863,15.410000000000002,22.365000000000002,4.015625
run_153_repetition_0,DONE,optimized_floyd_warshall,4,1.525367021560669,15.420000000000002,23.509999999999998,4.015625
run_154_repetition_0,DONE,optimized_floyd_warshall,5,1.5270802974700928,15.41,22.442105263157895,4.046875
run_155_repetition_0,DONE,optimized_floyd_warshall,6,1.51796293258667,15.410000000000002,22.652631578947368,4.078125
run_156_repetition_0,DONE,optimized_floyd_warshall,7,1.6375799179077148,15.420000000000002,21.8,4.015625
run_157_repetition_0,DONE,optimized_floyd_warshall,8,1.6371960639953613,16.07,32.385000000000005,4.015625
run_158_repetition_0,DONE,optimized_floyd_warshall,9,1.72743821144104,18.060000000000002,20.561904761904763,4.0
run_159_repetition_0,DONE,optimized_floyd_warshall,10,1.6525638103485107,15.420000000000002,22.39047619047619,4.015625
run_160_repetition_0,DONE,optimized_floyd_warshall,11,1.5309240818023682,15.390000000000002,23.152631578947368,4.03125
run_161_repetition_0,DONE,optimized_floyd_warshall,12,1.5299770832061768,15.400000000000002,23.75263157894737,3.953125
run_162_repetition_0,DONE,optimized_floyd_warshall,13,1.5276439189910889,15.420000000000002,22.263157894736842,3.953125
run_163_repetition_0,DONE,optimized_floyd_warshall,14,1.6211159229278564,15.400000000000002,23.975,4.078125
run_164_repetition_0,DONE,optimized_floyd_warshall,15,1.526503086090088,15.400000000000002,23.342105263157894,4.015625
run_165_repetition_0,DONE,optimized_floyd_warshall,16,1.6338398456573486,15.390000000000002,23.39,4.015625
run_166_repetition_0,DONE,optimized_floyd_warshall,17,1.5162968635559082,15.39,25.07894736842105,4.046875
run_167_repetition_0,DONE,optimized_floyd_warshall,18,1.5232110023498535,15.440000000000001,23.189473684210526,3.953125
run_168_repetition_0,DONE,optimized_floyd_warshall,19,1.5280601978302002,15.370000000000001,24.7,3.953125
run_169_repetition_0,DONE,optimized_floyd_warshall,20,1.4300107955932617,15.39,23.16111111111111,4.046875
run_170_repetition_0,DONE,optimized_floyd_warshall,21,1.6532888412475586,15.410000000000002,23.34285714285714,4.015625
run_171_repetition_0,DONE,optimized_floyd_warshall,22,1.5305891036987305,18.01,22.785,3.953125
run_172_repetition_0,DONE,optimized_floyd_warshall,23,1.5145421028137207,15.379999999999999,24.7,3.9375
run_173_repetition_0,DONE,optimized_floyd_warshall,24,1.4242420196533203,15.4,24.049999999999997,4.015625
run_174_repetition_0,DONE,optimized_floyd_warshall,25,1.647341012954712,15.410000000000002,22.505000000000003,4.015625
run_175_repetition_0,DONE,optimized_floyd_warshall,26,1.6374142169952393,18.05,20.976190476190474,3.921875
run_176_repetition_0,DONE,optimized_floyd_warshall,27,1.6294589042663574,15.420000000000002,23.335,4.046875
run_177_repetition_0,DONE,optimized_floyd_warshall,28,1.528045892715454,15.400000000000002,23.026315789473685,4.0
run_178_repetition_0,DONE,optimized_floyd_warshall,29,1.6349799633026123,15.410000000000002,22.565,4.078125
run_179_repetition_0,DONE,optimized_floyd_warshall,30,1.6245660781860352,15.400000000000002,24.365000000000002,3.953125
run_180_repetition_0,DONE,baseline_knapsack,1,165.46187901496887,448.37999999999835,25.27023737066342,3.953125
run_181_repetition_0,DONE,baseline_knapsack,2,165.25008010864258,448.3799999999984,25.268921389396713,4.015625
run_182_repetition_0,DONE,baseline_knapsack,3,165.006765127182,448.3899999999984,25.291214154972547,4.015625
run_183_repetition_0,DONE,baseline_knapsack,4,165.1148488521576,448.3699999999984,25.27390243902439,3.9375
run_184_repetition_0,DONE,baseline_knapsack,5,166.98777508735657,453.66999999999837,25.29770808202654,4.140625
run_185_repetition_0,DONE,baseline_knapsack,6,166.57116675376892,451.0299999999984,25.294437726723096,4.03125
run_186_repetition_0,DONE,baseline_knapsack,7,164.68392181396484,445.73999999999836,25.240489296636085,4.015625
run_187_repetition_0,DONE,baseline_knapsack,8,165.49871706962585,448.37999999999835,25.28132603406326,4.03125
run_188_repetition_0,DONE,baseline_knapsack,9,167.47778487205505,453.64999999999833,25.267528562838244,4.015625
run_189_repetition_0,DONE,baseline_knapsack,10,165.27812719345093,448.3799999999984,25.260681679853928,4.109375
run_190_repetition_0,DONE,baseline_knapsack,11,166.9367389678955,453.66999999999837,25.28009650180941,4.0
run_191_repetition_0,DONE,baseline_knapsack,12,164.6155469417572,445.7499999999984,25.272538226299694,4.015625
run_192_repetition_0,DONE,baseline_knapsack,13,165.25110912322998,448.3899999999984,25.28641072516758,4.015625
run_193_repetition_0,DONE,baseline_knapsack,14,165.30827283859253,448.35999999999837,25.28878732480195,4.015625
run_194_repetition_0,DONE,baseline_knapsack,15,165.0190041065216,448.3899999999984,25.264673581452108,4.03125
run_195_repetition_0,DONE,baseline_knapsack,16,165.0145971775055,448.3799999999984,25.291153142159853,4.015625
run_196_repetition_0,DONE,baseline_knapsack,17,165.08922791481018,448.3899999999984,25.271341463414632,4.03125
run_197_repetition_0,DONE,baseline_knapsack,18,165.1463680267334,448.3799999999984,25.26920731707317,4.03125
run_198_repetition_0,DONE,baseline_knapsack,19,165.20129203796387,448.7399999999984,25.31280487804878,3.953125
run_199_repetition_0,DONE,baseline_knapsack,20,164.66416788101196,445.7499999999984,25.24238532110092,3.953125
run_200_repetition_0,DONE,baseline_knapsack,21,164.47156405448914,445.7199999999984,25.259706062461724,4.015625
run_201_repetition_0,DONE,baseline_knapsack,22,164.93856620788574,448.3899999999984,25.288217338217336,4.09375
run_202_repetition_0,DONE,baseline_knapsack,23,164.7705569267273,445.7499999999984,25.26888753056235,4.0
run_203_repetition_0,DONE,baseline_knapsack,24,166.22759890556335,451.0199999999984,25.23944343617665,4.015625
run_204_repetition_0,DONE,baseline_knapsack,25,165.0251259803772,448.34999999999843,25.30298962782184,4.015625
run_205_repetition_0,DONE,baseline_knapsack,26,164.80807995796204,448.3799999999984,25.277642028100182,4.0
run_206_repetition_0,DONE,baseline_knapsack,27,165.2730827331543,448.3799999999984,25.260572821450335,4.09375
run_207_repetition_0,DONE,baseline_knapsack,28,165.04017210006714,448.3699999999984,25.279499694935936,4.046875
run_208_repetition_0,DONE,baseline_knapsack,29,165.22235417366028,448.40999999999843,25.271358927483245,4.078125
run_209_repetition_0,DONE,baseline_knapsack,30,164.8346230983734,448.3699999999984,25.28796579108125,4.046875
run_210_repetition_0,DONE,optimized_knapsack,1,0.5491859912872314,15.430000000000001,22.081818181818182,4.078125
run_211_repetition_0,DONE,optimized_knapsack,2,0.5376989841461182,12.780000000000001,23.8,4.125
run_212_repetition_0,DONE,optimized_knapsack,3,0.5430006980895996,12.75,23.259999999999998,3.96875
run_213_repetition_0,DONE,optimized_knapsack,4,0.549293041229248,12.760000000000002,24.54,4.09375
run_214_repetition_0,DONE,optimized_knapsack,5,0.5389938354492188,12.760000000000002,22.880000000000003,4.0625
run_215_repetition_0,DONE,optimized_knapsack,6,0.5456902980804443,12.75,24.19,4.078125
run_216_repetition_0,DONE,optimized_knapsack,7,0.5464329719543457,12.75,23.64,4.1875
run_217_repetition_0,DONE,optimized_knapsack,8,0.54494309425354,12.760000000000002,22.66,4.046875
run_218_repetition_0,DONE,optimized_knapsack,9,0.551414966583252,12.770000000000001,22.259999999999998,4.09375
run_219_repetition_0,DONE,optimized_knapsack,10,0.5595760345458984,12.74,22.759999999999998,3.953125
run_220_repetition_0,DONE,optimized_knapsack,11,0.545785665512085,12.770000000000001,22.1,4.0625
run_221_repetition_0,DONE,optimized_knapsack,12,0.5412130355834961,12.760000000000002,22.94,4.0625
run_222_repetition_0,DONE,optimized_knapsack,13,0.5414469242095947,12.75,23.880000000000003,4.078125
run_223_repetition_0,DONE,optimized_knapsack,14,0.5492982864379883,12.760000000000002,22.03,4.078125
run_224_repetition_0,DONE,optimized_knapsack,15,0.5563440322875977,12.740000000000002,24.009999999999998,4.078125
run_225_repetition_0,DONE,optimized_knapsack,16,0.5412881374359131,12.780000000000001,23.09,4.171875
run_226_repetition_0,DONE,optimized_knapsack,17,0.6421337127685547,15.410000000000002,19.036363636363635,4.15625
run_227_repetition_0,DONE,optimized_knapsack,18,0.5538496971130371,12.760000000000002,23.69,4.046875
run_228_repetition_0,DONE,optimized_knapsack,19,0.6463427543640137,15.430000000000001,21.29090909090909,4.046875
run_229_repetition_0,DONE,optimized_knapsack,20,0.637249231338501,15.410000000000002,20.345454545454547,3.96875
run_230_repetition_0,DONE,optimized_knapsack,21,0.5510759353637695,12.76,22.75,3.96875
run_231_repetition_0,DONE,optimized_knapsack,22,0.6404249668121338,15.430000000000001,21.245454545454546,4.09375
run_232_repetition_0,DONE,optimized_knapsack,23,0.5472712516784668,12.75,24.529999999999998,4.09375
run_233_repetition_0,DONE,optimized_knapsack,24,0.5589120388031006,12.760000000000002,22.080000000000002,4.046875
run_234_repetition_0,DONE,optimized_knapsack,25,0.5530149936676025,12.760000000000002,22.69,4.015625
run_235_repetition_0,DONE,optimized_knapsack,26,0.545543909072876,12.760000000000002,21.7,4.09375
run_236_repetition_0,DONE,optimized_knapsack,27,0.5473189353942871,12.780000000000001,23.56,4.0625
run_237_repetition_0,DONE,optimized_knapsack,28,0.5590379238128662,12.760000000000002,23.4,4.171875
run_238_repetition_0,DONE,optimized_knapsack,29,0.5527608394622803,12.770000000000001,21.98,4.125
run_239_repetition_0,DONE,optimized_knapsack,30,0.5489661693572998,12.770000000000001,23.35,4.0625
run_240_repetition_0,DONE,baseline_max_subarray,1,24.70041298866272,76.14,25.135341365461848,4.109375
run_241_repetition_0,DONE,baseline_max_subarray,2,24.64789390563965,76.12000000000002,25.14516129032258,4.078125
run_242_repetition_0,DONE,baseline_max_subarray,3,24.714908123016357,78.79,25.122088353413652,3.921875
run_243_repetition_0,DONE,baseline_max_subarray,4,24.44288182258606,76.15000000000002,25.182113821138213,4.078125
run_244_repetition_0,DONE,baseline_max_subarray,5,24.663415908813477,78.8,25.091129032258067,4.078125
run_245_repetition_0,DONE,baseline_max_subarray,6,24.663288116455078,78.8,25.111646586345383,4.015625
run_246_repetition_0,DONE,baseline_max_subarray,7,24.62417197227478,78.81,25.129718875502007,4.0625
run_247_repetition_0,DONE,baseline_max_subarray,8,24.611632823944092,76.16000000000001,25.166129032258063,4.03125
run_248_repetition_0,DONE,baseline_max_subarray,9,24.39025592803955,76.14000000000001,25.10528455284553,4.078125
run_249_repetition_0,DONE,baseline_max_subarray,10,24.44113302230835,76.12,25.159756097560976,4.0625
run_250_repetition_0,DONE,baseline_max_subarray,11,24.627132892608643,76.14,25.0375,4.046875
run_251_repetition_0,DONE,baseline_max_subarray,12,24.612059116363525,76.13000000000001,25.19516129032258,4.078125
run_252_repetition_0,DONE,baseline_max_subarray,13,24.136512994766235,76.14000000000001,25.154732510288067,4.0
run_253_repetition_0,DONE,baseline_max_subarray,14,24.67155909538269,76.13000000000001,25.15140562248996,4.09375
run_254_repetition_0,DONE,baseline_max_subarray,15,24.596251010894775,76.13000000000001,25.166935483870965,4.015625
run_255_repetition_0,DONE,baseline_max_subarray,16,24.639493942260742,78.79,25.122177419354838,4.015625
run_256_repetition_0,DONE,baseline_max_subarray,17,24.72780418395996,78.78,25.19116465863454,4.046875
run_257_repetition_0,DONE,baseline_max_subarray,18,24.54049515724182,76.16000000000001,25.038866396761136,4.03125
run_258_repetition_0,DONE,baseline_max_subarray,19,24.668943166732788,76.14,25.20883534136546,4.140625
run_259_repetition_0,DONE,baseline_max_subarray,20,24.50883197784424,76.14000000000001,25.18825910931174,4.03125
run_260_repetition_0,DONE,baseline_max_subarray,21,24.726823091506958,78.78,25.297590361445785,4.109375
run_261_repetition_0,DONE,baseline_max_subarray,22,24.22661519050598,76.16,25.121224489795917,4.0625
run_262_repetition_0,DONE,baseline_max_subarray,23,24.61192512512207,76.13000000000001,25.178629032258065,4.09375
run_263_repetition_0,DONE,baseline_max_subarray,24,24.576409816741943,76.14,25.16532258064516,4.046875
run_264_repetition_0,DONE,baseline_max_subarray,25,24.413715839385986,76.16000000000001,25.108097165991904,3.984375
run_265_repetition_0,DONE,baseline_max_subarray,26,24.617215871810913,78.81,25.10040322580645,3.96875
run_266_repetition_0,DONE,baseline_max_subarray,27,24.682034969329834,78.8,25.16867469879518,4.109375
run_267_repetition_0,DONE,baseline_max_subarray,28,24.57072687149048,76.12000000000002,25.140485829959513,4.109375
run_268_repetition_0,DONE,baseline_max_subarray,29,24.193891763687134,76.15,25.24016393442623,4.125
run_269_repetition_0,DONE,baseline_max_subarray,30,24.656171083450317,78.80000000000001,25.206048387096775,4.125
run_270_repetition_0,DONE,optimized_max_subarray,1,29.56195306777954,89.35000000000001,25.22861952861953,4.125
run_271_repetition_0,DONE,optimized_max_subarray,2,29.674509048461914,89.33000000000001,25.186577181208055,4.109375
run_272_repetition_0,DONE,optimized_max_subarray,3,29.338229656219482,89.34000000000002,25.300677966101695,4.046875
run_273_repetition_0,DONE,optimized_max_subarray,4,29.80805206298828,91.99000000000001,25.147491638795987,4.0625
run_274_repetition_0,DONE,optimized_max_subarray,5,29.257774114608765,89.36000000000001,25.148979591836735,4.125
run_275_repetition_0,DONE,optimized_max_subarray,6,29.645692110061646,89.34,25.208724832214763,4.0625
run_276_repetition_0,DONE,optimized_max_subarray,7,29.672553062438965,89.34000000000002,25.16040268456376,4.15625
run_277_repetition_0,DONE,optimized_max_subarray,8,29.68710708618164,89.35000000000001,25.11308724832215,4.078125
run_278_repetition_0,DONE,optimized_max_subarray,9,29.20061683654785,89.35000000000002,25.200682593856655,4.140625
run_279_repetition_0,DONE,optimized_max_subarray,10,29.58947205543518,89.33000000000001,25.123232323232326,4.125
run_280_repetition_0,DONE,optimized_max_subarray,11,29.666647911071777,91.99000000000001,25.226510067114095,4.046875
run_281_repetition_0,DONE,optimized_max_subarray,12,29.51972508430481,92.01,25.203367003367003,4.140625
run_282_repetition_0,DONE,optimized_max_subarray,13,29.506451845169067,89.35000000000001,25.194612794612794,4.09375
run_283_repetition_0,DONE,optimized_max_subarray,14,29.592238187789917,89.32000000000002,25.15117845117845,4.0625
run_284_repetition_0,DONE,optimized_max_subarray,15,29.66789984703064,91.98,25.19026845637584,4.078125
run_285_repetition_0,DONE,optimized_max_subarray,16,29.599826097488403,89.33000000000001,25.19124579124579,4.0625
run_286_repetition_0,DONE,optimized_max_subarray,17,29.209499835968018,89.35000000000001,25.210580204778157,4.03125
run_287_repetition_0,DONE,optimized_max_subarray,18,29.59419322013855,89.34000000000002,25.08855218855219,4.046875
run_288_repetition_0,DONE,optimized_max_subarray,19,29.68456196784973,91.98,25.200671140939598,4.09375
run_289_repetition_0,DONE,optimized_max_subarray,20,29.522319793701172,89.33000000000001,25.1625,4.109375
run_290_repetition_0,DONE,optimized_max_subarray,21,29.297226905822754,89.33000000000001,25.21904761904762,4.078125
run_291_repetition_0,DONE,optimized_max_subarray,22,29.745956897735596,92.02000000000001,25.13612040133779,4.109375
run_292_repetition_0,DONE,optimized_max_subarray,23,29.44499897956848,89.31000000000002,25.263851351351352,4.0625
run_293_repetition_0,DONE,optimized_max_subarray,24,29.477160215377808,89.34000000000002,25.14222972972973,4.0625
run_294_repetition_0,DONE,optimized_max_subarray,25,29.602575063705444,89.35000000000001,25.1010101010101,4.09375
run_295_repetition_0,DONE,optimized_max_subarray,26,29.27217984199524,91.96000000000001,24.875675675675677,4.015625
run_296_repetition_0,DONE,optimized_max_subarray,27,29.21454691886902,89.34000000000002,25.174829931972788,4.125
run_297_repetition_0,DONE,optimized_max_subarray,28,29.53728199005127,89.34,25.223905723905723,4.0625
run_298_repetition_0,DONE,optimized_max_subarray,29,29.397987127304077,89.34000000000002,25.218243243243244,4.140625
run_299_repetition_0,DONE,optimized_max_subarray,30,29.771980047225952,91.98000000000002,25.215384615384615,4.03125
run_300_repetition_0,DONE,baseline_mergesort,1,39.7905170917511,118.37000000000002,25.285427135678393,4.015625
run_301_repetition_0,DONE,baseline_mergesort,2,39.872414350509644,118.41000000000001,25.24937343358396,4.078125
run_302_repetition_0,DONE,baseline_mergesort,3,39.966745138168335,118.38000000000002,25.125062656641603,4.03125
run_303_repetition_0,DONE,baseline_mergesort,4,39.89651370048523,118.38000000000002,25.23233082706767,4.109375
run_304_repetition_0,DONE,baseline_mergesort,5,39.949071168899536,118.4,25.197493734335836,3.984375
run_305_repetition_0,DONE,baseline_mergesort,6,40.00266695022583,118.33000000000001,25.054499999999997,4.046875
run_306_repetition_0,DONE,baseline_mergesort,7,39.825960874557495,118.38000000000001,25.20276381909548,4.078125
run_307_repetition_0,DONE,baseline_mergesort,8,39.880820989608765,118.4,25.182957393483708,4.015625
run_308_repetition_0,DONE,baseline_mergesort,9,39.95203471183777,118.37000000000003,25.255889724310777,4.03125
run_309_repetition_0,DONE,baseline_mergesort,10,39.84778809547424,118.37000000000002,25.242211055276382,3.9375
run_310_repetition_0,DONE,baseline_mergesort,11,39.90263509750366,118.4,25.215538847117795,4.03125
run_311_repetition_0,DONE,baseline_mergesort,12,39.92290997505188,118.40000000000002,25.2609022556391,4.0625
run_312_repetition_0,DONE,baseline_mergesort,13,39.895159006118774,118.39000000000001,25.196741854636592,4.015625
run_313_repetition_0,DONE,baseline_mergesort,14,39.88912010192871,118.4,25.168170426065164,4.03125
run_314_repetition_0,DONE,baseline_mergesort,15,39.89920783042908,118.37000000000002,25.17638190954774,3.953125
run_315_repetition_0,DONE,baseline_mergesort,16,39.99286198616028,118.36000000000003,25.230827067669175,4.03125
run_316_repetition_0,DONE,baseline_mergesort,17,39.926905155181885,118.33000000000001,25.086750000000002,4.078125
run_317_repetition_0,DONE,baseline_mergesort,18,39.83316111564636,118.38000000000001,25.27889447236181,4.015625
run_318_repetition_0,DONE,baseline_mergesort,19,39.97815132141113,118.40000000000002,25.174185463659146,4.078125
run_319_repetition_0,DONE,baseline_mergesort,20,39.94695520401001,118.4,25.181203007518796,3.953125
run_320_repetition_0,DONE,baseline_mergesort,21,39.81714487075806,118.38000000000001,25.291687657430728,3.953125
run_321_repetition_0,DONE,baseline_mergesort,22,39.95231103897095,118.40000000000002,25.21629072681704,4.0625
run_322_repetition_0,DONE,baseline_mergesort,23,39.75223088264465,115.72000000000003,25.263727959697736,4.0625
run_323_repetition_0,DONE,baseline_mergesort,24,39.75682878494263,118.40000000000002,25.135012594458438,4.078125
run_324_repetition_0,DONE,baseline_mergesort,25,39.87991714477539,118.37,25.277638190954775,4.015625
run_325_repetition_0,DONE,baseline_mergesort,26,40.05933904647827,118.39000000000001,25.122249999999998,4.046875
run_326_repetition_0,DONE,baseline_mergesort,27,39.87996006011963,118.38000000000001,25.191708542713567,4.015625
run_327_repetition_0,DONE,baseline_mergesort,28,39.71031379699707,118.40000000000002,25.292695214105795,4.09375
run_328_repetition_0,DONE,baseline_mergesort,29,39.962467670440674,118.40000000000002,25.17669172932331,4.015625
run_329_repetition_0,DONE,baseline_mergesort,30,39.86991000175476,118.37000000000002,25.286934673366837,4.0
run_330_repetition_0,DONE,optimized_mergesort,1,34.09088897705078,102.52000000000001,25.281524926686217,3.953125
run_331_repetition_0,DONE,optimized_mergesort,2,34.15180492401123,102.53,25.255263157894735,4.109375
run_332_repetition_0,DONE,optimized_mergesort,3,33.97244906425476,102.54000000000002,25.263823529411766,4.015625
run_333_repetition_0,DONE,optimized_mergesort,4,34.059431076049805,102.55000000000001,25.221114369501464,4.078125
run_334_repetition_0,DONE,optimized_mergesort,5,34.17662000656128,102.56000000000002,25.13947368421053,4.09375
run_335_repetition_0,DONE,optimized_mergesort,6,34.20703983306885,102.55000000000001,25.054093567251464,4.046875
run_336_repetition_0,DONE,optimized_mergesort,7,33.943787813186646,102.51000000000002,25.23,4.109375
run_337_repetition_0,DONE,optimized_mergesort,8,34.169575929641724,102.55000000000001,25.194152046783625,4.015625
run_338_repetition_0,DONE,optimized_mergesort,9,34.02709770202637,102.53000000000002,25.184457478005864,4.015625
run_339_repetition_0,DONE,optimized_mergesort,10,33.95797777175903,102.53000000000002,25.244999999999997,4.015625
run_340_repetition_0,DONE,optimized_mergesort,11,33.960853099823,102.55000000000001,25.283823529411766,4.125
run_341_repetition_0,DONE,optimized_mergesort,12,34.0687370300293,102.53,25.246920821114372,4.03125
run_342_repetition_0,DONE,optimized_mergesort,13,34.03055381774902,102.52000000000002,25.301173020527862,4.015625
run_343_repetition_0,DONE,optimized_mergesort,14,34.1997549533844,102.56000000000002,25.101461988304095,4.046875
run_344_repetition_0,DONE,optimized_mergesort,15,34.057411909103394,102.56000000000002,25.171554252199414,4.015625
run_345_repetition_0,DONE,optimized_mergesort,16,34.04910397529602,102.53,25.17008797653959,4.0625
run_346_repetition_0,DONE,optimized_mergesort,17,34.040738105773926,102.54,25.29208211143695,4.03125
run_347_repetition_0,DONE,optimized_mergesort,18,34.04413914680481,102.55000000000001,25.179472140762467,3.953125
run_348_repetition_0,DONE,optimized_mergesort,19,34.056232929229736,102.53,25.139882697947215,3.9375
run_349_repetition_0,DONE,optimized_mergesort,20,34.1274778842926,102.55000000000003,25.088629737609327,4.078125
run_350_repetition_0,DONE,optimized_mergesort,21,34.0583918094635,102.53,25.25659824046921,4.0625
run_351_repetition_0,DONE,optimized_mergesort,22,34.13562822341919,102.55000000000001,25.203216374269005,4.0
run_352_repetition_0,DONE,optimized_mergesort,23,34.06410598754883,102.53000000000002,25.20205278592375,4.015625
run_353_repetition_0,DONE,optimized_mergesort,24,34.11349606513977,102.52000000000001,25.16656891495601,4.015625
run_354_repetition_0,DONE,optimized_mergesort,25,34.1951322555542,102.54,25.180701754385964,4.015625
run_355_repetition_0,DONE,optimized_mergesort,26,33.99054002761841,102.54,25.215882352941176,4.015625
run_356_repetition_0,DONE,optimized_mergesort,27,34.11506485939026,102.55000000000001,25.195029239766082,4.140625
run_357_repetition_0,DONE,optimized_mergesort,28,33.99277591705322,102.52000000000001,25.248823529411766,4.125
run_358_repetition_0,DONE,optimized_mergesort,29,34.04227900505066,102.56000000000002,25.20791788856305,4.015625
run_359_repetition_0,DONE,optimized_mergesort,30,34.13867712020874,102.54,25.235672514619885,3.984375
run_360_repetition_0,DONE,baseline_prefix_sum,1,6.406777858734131,28.62,24.304411764705883,4.015625
run_361_repetition_0,DONE,baseline_prefix_sum,2,6.310882091522217,28.61,24.688059701492534,4.015625
run_362_repetition_0,DONE,baseline_prefix_sum,3,6.311903953552246,28.64,24.71492537313433,4.078125
run_363_repetition_0,DONE,baseline_prefix_sum,4,6.2892539501190186,28.62,24.419402985074626,4.046875
run_364_repetition_0,DONE,baseline_prefix_sum,5,6.229566812515259,28.610000000000003,24.916666666666668,3.9375
run_365_repetition_0,DONE,baseline_prefix_sum,6,6.244189977645874,28.610000000000003,24.746969696969696,3.984375
run_366_repetition_0,DONE,baseline_prefix_sum,7,6.309946060180664,28.630000000000003,24.5044776119403,4.078125
run_367_repetition_0,DONE,baseline_prefix_sum,8,6.295106887817383,28.62,24.740298507462686,4.078125
run_368_repetition_0,DONE,baseline_prefix_sum,9,6.41034197807312,28.650000000000002,24.283823529411762,4.078125
run_369_repetition_0,DONE,baseline_prefix_sum,10,6.273891925811768,28.64,24.783333333333335,4.078125
run_370_repetition_0,DONE,baseline_prefix_sum,11,6.393579006195068,28.630000000000003,24.35735294117647,4.0625
run_371_repetition_0,DONE,baseline_prefix_sum,12,6.207803010940552,28.620000000000005,24.76969696969697,4.0625
run_372_repetition_0,DONE,baseline_prefix_sum,13,6.309412956237793,28.570000000000004,24.707462686567165,4.078125
run_373_repetition_0,DONE,baseline_prefix_sum,14,6.167362928390503,28.630000000000003,24.664615384615384,4.03125
run_374_repetition_0,DONE,baseline_prefix_sum,15,6.287164926528931,31.270000000000003,24.33582089552239,4.03125
run_375_repetition_0,DONE,baseline_prefix_sum,16,6.289582014083862,28.640000000000004,24.46969696969697,4.015625
run_376_repetition_0,DONE,baseline_prefix_sum,17,6.428607940673828,28.62,24.37794117647059,4.078125
run_377_repetition_0,DONE,baseline_prefix_sum,18,6.420825004577637,28.64,24.169117647058822,4.0625
run_378_repetition_0,DONE,baseline_prefix_sum,19,6.333807945251465,28.630000000000003,24.351470588235294,4.015625
run_379_repetition_0,DONE,baseline_prefix_sum,20,6.291043758392334,28.62,24.7044776119403,4.015625
run_380_repetition_0,DONE,baseline_prefix_sum,21,6.449294805526733,28.620000000000005,24.188235294117646,4.015625
run_381_repetition_0,DONE,baseline_prefix_sum,22,6.42391300201416,28.630000000000003,24.195588235294117,4.109375
run_382_repetition_0,DONE,baseline_prefix_sum,23,6.390373945236206,28.630000000000003,24.48676470588235,4.078125
run_383_repetition_0,DONE,baseline_prefix_sum,24,6.413196086883545,28.650000000000002,23.904411764705884,4.0625
run_384_repetition_0,DONE,baseline_prefix_sum,25,6.366173028945923,28.61,24.45074626865672,4.078125
run_385_repetition_0,DONE,baseline_prefix_sum,26,6.180866241455078,28.6,24.963076923076922,3.875
run_386_repetition_0,DONE,baseline_prefix_sum,27,6.291669845581055,28.62,24.813432835820894,4.0625
run_387_repetition_0,DONE,baseline_prefix_sum,28,6.313594102859497,28.62,24.67462686567164,4.015625
run_388_repetition_0,DONE,baseline_prefix_sum,29,6.401349067687988,28.61,24.566176470588236,4.078125
run_389_repetition_0,DONE,baseline_prefix_sum,30,6.181535005569458,28.610000000000003,25.107575757575756,4.0625
run_390_repetition_0,DONE,optimized_prefix_sum,1,6.537044048309326,28.61,24.647826086956524,4.015625
run_391_repetition_0,DONE,optimized_prefix_sum,2,6.606806039810181,28.62,24.65714285714286,3.875
run_392_repetition_0,DONE,optimized_prefix_sum,3,6.506901979446411,28.6,24.71159420289855,4.40625
run_393_repetition_0,DONE,optimized_prefix_sum,4,6.6336939334869385,28.630000000000003,24.51,4.078125
run_394_repetition_0,DONE,optimized_prefix_sum,5,6.620512008666992,28.620000000000005,24.482857142857142,4.015625
run_395_repetition_0,DONE,optimized_prefix_sum,6,6.617954969406128,28.620000000000005,24.7,4.03125
run_396_repetition_0,DONE,optimized_prefix_sum,7,6.589823961257935,28.6,24.405797101449274,4.03125
run_397_repetition_0,DONE,optimized_prefix_sum,8,6.533923864364624,28.630000000000003,24.467142857142857,3.984375
run_398_repetition_0,DONE,optimized_prefix_sum,9,6.711318731307983,28.620000000000005,24.194285714285712,4.125
run_399_repetition_0,DONE,optimized_prefix_sum,10,6.597117185592651,28.6,24.768571428571427,4.078125
run_400_repetition_0,DONE,optimized_prefix_sum,11,6.652562141418457,31.290000000000003,24.57714285714286,4.140625
run_401_repetition_0,DONE,optimized_prefix_sum,12,6.552949905395508,28.6,24.368115942028986,4.15625
run_402_repetition_0,DONE,optimized_prefix_sum,13,6.541723728179932,28.62,24.846376811594205,4.046875
run_403_repetition_0,DONE,optimized_prefix_sum,14,6.631727933883667,28.620000000000005,24.72142857142857,4.078125
run_404_repetition_0,DONE,optimized_prefix_sum,15,6.580197095870972,28.62,24.71014492753623,3.96875
run_405_repetition_0,DONE,optimized_prefix_sum,16,6.531693935394287,28.63,24.79855072463768,3.96875
run_406_repetition_0,DONE,optimized_prefix_sum,17,6.512441158294678,28.610000000000003,24.730434782608697,3.984375
run_407_repetition_0,DONE,optimized_prefix_sum,18,6.497786283493042,28.59,25.026086956521738,4.046875
run_408_repetition_0,DONE,optimized_prefix_sum,19,6.628746032714844,28.62,24.597142857142856,4.09375
run_409_repetition_0,DONE,optimized_prefix_sum,20,6.62231183052063,28.610000000000003,24.565714285714286,4.109375
run_410_repetition_0,DONE,optimized_prefix_sum,21,6.607357025146484,28.630000000000003,24.742857142857144,4.078125
run_411_repetition_0,DONE,optimized_prefix_sum,22,6.524626731872559,28.600000000000005,25.09565217391304,4.015625
run_412_repetition_0,DONE,optimized_prefix_sum,23,6.543580770492554,28.59,24.821739130434782,4.046875
run_413_repetition_0,DONE,optimized_prefix_sum,24,6.592774152755737,28.610000000000003,24.607142857142858,4.140625
run_414_repetition_0,DONE,optimized_prefix_sum,25,6.540112018585205,28.580000000000002,24.808695652173913,4.046875
run_415_repetition_0,DONE,optimized_prefix_sum,26,6.51697301864624,28.590000000000003,24.91304347826087,4.0625
run_416_repetition_0,DONE,optimized_prefix_sum,27,6.545534133911133,28.61,24.61014492753623,4.078125
run_417_repetition_0,DONE,optimized_prefix_sum,28,6.61197829246521,28.620000000000005,24.687142857142856,3.90625
run_418_repetition_0,DONE,optimized_prefix_sum,29,6.517589092254639,28.600000000000005,24.891304347826086,4.015625
run_419_repetition_0,DONE,optimized_prefix_sum,30,6.5248048305511475,28.590000000000003,25.02173913043478,4.015625
run_420_repetition_0,DONE,baseline_product_sum,1,0.554872989654541,12.760000000000002,24.21,4.0625
run_421_repetition_0,DONE,baseline_product_sum,2,0.5364956855773926,12.750000000000002,22.1,4.0
run_422_repetition_0,DONE,baseline_product_sum,3,0.5580148696899414,12.75,24.3,4.078125
run_423_repetition_0,DONE,baseline_product_sum,4,0.6640000343322754,12.780000000000001,21.472727272727273,4.015625
run_424_repetition_0,DONE,baseline_product_sum,5,0.6614029407501221,12.770000000000001,21.90909090909091,4.03125
run_425_repetition_0,DONE,baseline_product_sum,6,0.5267970561981201,12.750000000000002,24.61,4.03125
run_426_repetition_0,DONE,baseline_product_sum,7,0.6669549942016602,12.760000000000002,22.827272727272728,4.03125
run_427_repetition_0,DONE,baseline_product_sum,8,0.5576739311218262,12.740000000000002,23.79,4.046875
run_428_repetition_0,DONE,baseline_product_sum,9,0.6609339714050293,12.76,21.80909090909091,4.046875
run_429_repetition_0,DONE,baseline_product_sum,10,0.5467100143432617,12.760000000000002,24.29,3.984375
run_430_repetition_0,DONE,baseline_product_sum,11,0.6485581398010254,12.750000000000002,22.854545454545455,4.078125
run_431_repetition_0,DONE,baseline_product_sum,12,0.6662979125976562,12.76,21.181818181818183,3.96875
run_432_repetition_0,DONE,baseline_product_sum,13,0.6506102085113525,12.770000000000001,22.454545454545453,4.078125
run_433_repetition_0,DONE,baseline_product_sum,14,0.5702400207519531,12.750000000000002,23.630000000000003,4.1875
run_434_repetition_0,DONE,baseline_product_sum,15,0.5577020645141602,12.75,24.330000000000002,4.015625
run_435_repetition_0,DONE,baseline_product_sum,16,0.6547040939331055,12.780000000000001,21.981818181818184,4.015625
run_436_repetition_0,DONE,baseline_product_sum,17,0.6609787940979004,12.76,20.09090909090909,4.015625
run_437_repetition_0,DONE,baseline_product_sum,18,0.6477649211883545,12.770000000000001,21.490909090909092,4.03125
run_438_repetition_0,DONE,baseline_product_sum,19,0.6503050327301025,12.76,21.981818181818184,4.046875
run_439_repetition_0,DONE,baseline_product_sum,20,0.6601018905639648,12.75,21.772727272727273,4.046875
run_440_repetition_0,DONE,baseline_product_sum,21,0.6636028289794922,12.780000000000001,22.472727272727273,4.015625
run_441_repetition_0,DONE,baseline_product_sum,22,0.5570940971374512,12.750000000000002,23.32,4.0
run_442_repetition_0,DONE,baseline_product_sum,23,0.5418961048126221,12.770000000000001,23.82,3.984375
run_443_repetition_0,DONE,baseline_product_sum,24,0.6570959091186523,12.770000000000001,21.018181818181816,4.0
run_444_repetition_0,DONE,baseline_product_sum,25,0.5532021522521973,12.760000000000002,23.59,3.984375
run_445_repetition_0,DONE,baseline_product_sum,26,0.5492820739746094,12.760000000000002,23.19,4.015625
run_446_repetition_0,DONE,baseline_product_sum,27,0.5405559539794922,12.760000000000002,24.6,4.1875
run_447_repetition_0,DONE,baseline_product_sum,28,0.6633999347686768,12.760000000000002,22.009090909090908,4.015625
run_448_repetition_0,DONE,baseline_product_sum,29,0.5742979049682617,12.75,21.53,4.0
run_449_repetition_0,DONE,baseline_product_sum,30,0.5580191612243652,12.760000000000002,24.19,4.015625
run_450_repetition_0,DONE,optimized_product_sum,1,0.6608200073242188,12.760000000000002,22.51818181818182,4.0
run_451_repetition_0,DONE,optimized_product_sum,2,0.5478839874267578,12.760000000000002,23.95,4.0
run_452_repetition_0,DONE,optimized_product_sum,3,0.659160852432251,12.760000000000002,21.900000000000002,4.015625
run_453_repetition_0,DONE,optimized_product_sum,4,0.6639919281005859,15.430000000000001,21.80909090909091,4.046875
run_454_repetition_0,DONE,optimized_product_sum,5,0.6582746505737305,12.770000000000001,21.854545454545455,4.015625
run_455_repetition_0,DONE,optimized_product_sum,6,0.6606547832489014,12.760000000000002,20.42727272727273,3.953125
run_456_repetition_0,DONE,optimized_product_sum,7,0.756331205368042,15.420000000000002,19.8,4.046875
run_457_repetition_0,DONE,optimized_product_sum,8,0.5577189922332764,12.75,25.53,3.984375
run_458_repetition_0,DONE,optimized_product_sum,9,0.6532468795776367,15.430000000000001,20.636363636363637,4.078125
run_459_repetition_0,DONE,optimized_product_sum,10,0.6587009429931641,12.780000000000001,21.945454545454545,4.0625
run_460_repetition_0,DONE,optimized_product_sum,11,0.6544721126556396,12.770000000000001,22.445454545454545,3.984375
run_461_repetition_0,DONE,optimized_product_sum,12,0.644014835357666,12.760000000000002,22.536363636363635,3.9375
run_462_repetition_0,DONE,optimized_product_sum,13,0.6600151062011719,12.760000000000002,21.481818181818184,3.921875
run_463_repetition_0,DONE,optimized_product_sum,14,0.6595242023468018,12.780000000000001,20.7,4.015625
run_464_repetition_0,DONE,optimized_product_sum,15,0.6500239372253418,12.76,21.87272727272727,4.015625
run_465_repetition_0,DONE,optimized_product_sum,16,0.6563618183135986,12.790000000000001,20.790909090909093,4.0625
run_466_repetition_0,DONE,optimized_product_sum,17,0.6599481105804443,12.780000000000001,20.272727272727273,4.015625
run_467_repetition_0,DONE,optimized_product_sum,18,0.6508290767669678,12.760000000000002,22.827272727272728,4.015625
run_468_repetition_0,DONE,optimized_product_sum,19,0.5582699775695801,12.760000000000002,23.990000000000002,4.0
run_469_repetition_0,DONE,optimized_product_sum,20,0.5354199409484863,12.770000000000001,23.7,4.078125
run_470_repetition_0,DONE,optimized_product_sum,21,0.6604549884796143,12.770000000000001,22.427272727272726,4.015625
run_471_repetition_0,DONE,optimized_product_sum,22,0.6561079025268555,12.780000000000001,22.454545454545453,4.015625
run_472_repetition_0,DONE,optimized_product_sum,23,0.6633002758026123,15.430000000000001,20.427272727272726,4.109375
run_473_repetition_0,DONE,optimized_product_sum,24,0.6483829021453857,12.770000000000001,22.327272727272728,4.015625
run_474_repetition_0,DONE,optimized_product_sum,25,0.544348955154419,12.750000000000002,25.119999999999997,4.0
run_475_repetition_0,DONE,optimized_product_sum,26,0.5572772026062012,12.75,22.96666666666667,4.046875
run_476_repetition_0,DONE,optimized_product_sum,27,0.5551319122314453,12.770000000000001,23.880000000000003,4.015625
run_477_repetition_0,DONE,optimized_product_sum,28,0.6680221557617188,15.420000000000002,21.236363636363635,4.0
run_478_repetition_0,DONE,optimized_product_sum,29,0.6560258865356445,12.770000000000001,19.863636363636363,4.015625
run_479_repetition_0,DONE,optimized_product_sum,30,0.6591200828552246,15.41,21.10909090909091,4.046875
run_480_repetition_0,DONE,baseline_stock_span,1,0.9881000518798828,15.41,22.99285714285714,4.078125
run_481_repetition_0,DONE,baseline_stock_span,2,0.9718790054321289,15.410000000000002,23.214285714285715,4.078125
run_482_repetition_0,DONE,baseline_stock_span,3,0.9869210720062256,15.420000000000002,22.542857142857144,4.0625
run_483_repetition_0,DONE,baseline_stock_span,4,0.9859471321105957,15.420000000000002,21.985714285714288,4.0625
run_484_repetition_0,DONE,baseline_stock_span,5,0.9802858829498291,15.420000000000002,22.464285714285715,4.0
run_485_repetition_0,DONE,baseline_stock_span,6,0.9877078533172607,15.410000000000002,22.214285714285715,4.015625
run_486_repetition_0,DONE,baseline_stock_span,7,0.9759969711303711,15.420000000000002,22.335714285714285,4.015625
run_487_repetition_0,DONE,baseline_stock_span,8,0.9755966663360596,15.420000000000002,22.564285714285713,4.015625
run_488_repetition_0,DONE,baseline_stock_span,9,0.9779331684112549,15.420000000000002,22.807142857142857,3.9375
run_489_repetition_0,DONE,baseline_stock_span,10,0.9850389957427979,15.41,22.664285714285715,3.9375
run_490_repetition_0,DONE,baseline_stock_span,11,0.9760167598724365,15.440000000000001,23.27857142857143,4.015625
run_491_repetition_0,DONE,baseline_stock_span,12,0.9848651885986328,15.430000000000001,22.77857142857143,4.015625
run_492_repetition_0,DONE,baseline_stock_span,13,0.9772710800170898,15.420000000000002,22.55,4.03125
run_493_repetition_0,DONE,baseline_stock_span,14,0.9868793487548828,15.420000000000002,22.964285714285715,4.046875
run_494_repetition_0,DONE,baseline_stock_span,15,0.9889740943908691,15.440000000000001,21.526666666666664,4.171875
run_495_repetition_0,DONE,baseline_stock_span,16,0.9517848491668701,15.39,22.964285714285715,3.84375
run_496_repetition_0,DONE,baseline_stock_span,17,0.981605052947998,15.420000000000002,22.692857142857143,4.0
run_497_repetition_0,DONE,baseline_stock_span,18,0.974315881729126,15.430000000000001,22.50714285714286,4.03125
run_498_repetition_0,DONE,baseline_stock_span,19,0.9818129539489746,15.430000000000001,22.042857142857144,4.078125
run_499_repetition_0,DONE,baseline_stock_span,20,0.8812353610992432,15.420000000000002,24.36923076923077,4.046875
run_500_repetition_0,DONE,baseline_stock_span,21,0.9848177433013916,15.420000000000002,23.62857142857143,3.953125
run_501_repetition_0,DONE,baseline_stock_span,22,0.9819068908691406,15.41,21.25714285714286,4.015625
run_502_repetition_0,DONE,baseline_stock_span,23,0.9748351573944092,15.400000000000002,21.8,4.0625
run_503_repetition_0,DONE,baseline_stock_span,24,0.9894990921020508,15.430000000000001,21.24285714285714,3.953125
run_504_repetition_0,DONE,baseline_stock_span,25,0.9754123687744141,15.410000000000002,22.75,4.09375
run_505_repetition_0,DONE,baseline_stock_span,26,0.881803035736084,15.39,24.176923076923078,4.015625
run_506_repetition_0,DONE,baseline_stock_span,27,0.9799668788909912,15.440000000000001,23.192857142857143,4.03125
run_507_repetition_0,DONE,baseline_stock_span,28,0.9867100715637207,15.400000000000002,22.185714285714287,4.0625
run_508_repetition_0,DONE,baseline_stock_span,29,0.9749319553375244,15.410000000000002,22.150000000000002,4.046875
run_509_repetition_0,DONE,baseline_stock_span,30,0.9922912120819092,15.41,21.27857142857143,4.015625
run_510_repetition_0,DONE,optimized_stock_span,1,1.0718200206756592,15.420000000000002,20.993333333333336,4.078125
run_511_repetition_0,DONE,optimized_stock_span,2,0.9938890933990479,15.420000000000002,21.042857142857144,4.09375
run_512_repetition_0,DONE,optimized_stock_span,3,0.9800219535827637,15.420000000000002,21.892857142857142,4.015625
run_513_repetition_0,DONE,optimized_stock_span,4,0.9570581912994385,15.410000000000002,23.614285714285717,4.078125
run_514_repetition_0,DONE,optimized_stock_span,5,0.9651510715484619,15.400000000000002,23.564285714285713,4.015625
run_515_repetition_0,DONE,optimized_stock_span,6,0.9815421104431152,15.430000000000001,22.714285714285715,3.9375
run_516_repetition_0,DONE,optimized_stock_span,7,0.9794960021972656,15.41,22.984615384615385,4.078125
run_517_repetition_0,DONE,optimized_stock_span,8,1.0845708847045898,15.43,21.173333333333336,4.078125
run_518_repetition_0,DONE,optimized_stock_span,9,0.9867620468139648,15.410000000000002,23.585714285714285,4.015625
run_519_repetition_0,DONE,optimized_stock_span,10,0.9906291961669922,15.420000000000002,23.435714285714287,4.015625
run_520_repetition_0,DONE,optimized_stock_span,11,0.9763143062591553,15.42,22.22142857142857,4.0625
run_521_repetition_0,DONE,optimized_stock_span,12,0.9803922176361084,15.41,23.464285714285715,3.921875
run_522_repetition_0,DONE,optimized_stock_span,13,0.9947540760040283,15.41,23.521428571428572,4.0625
run_523_repetition_0,DONE,optimized_stock_span,14,1.0699219703674316,15.39,21.88,4.015625
run_524_repetition_0,DONE,optimized_stock_span,15,1.0046050548553467,15.430000000000001,21.67142857142857,4.015625
run_525_repetition_0,DONE,optimized_stock_span,16,0.9890651702880859,15.420000000000002,22.292857142857144,4.03125
run_526_repetition_0,DONE,optimized_stock_span,17,0.978503942489624,15.4,23.5,4.140625
run_527_repetition_0,DONE,optimized_stock_span,18,0.9779500961303711,15.410000000000002,23.12142857142857,4.015625
run_528_repetition_0,DONE,optimized_stock_span,19,0.9935791492462158,15.420000000000002,23.55,3.953125
run_529_repetition_0,DONE,optimized_stock_span,20,0.971858024597168,15.430000000000001,22.307142857142857,4.0625
run_530_repetition_0,DONE,optimized_stock_span,21,0.9919750690460205,15.41,21.214285714285715,4.109375
run_531_repetition_0,DONE,optimized_stock_span,22,1.002406120300293,15.400000000000002,21.2,4.078125
run_532_repetition_0,DONE,optimized_stock_span,23,0.9930260181427002,15.430000000000001,21.62857142857143,4.078125
run_533_repetition_0,DONE,optimized_stock_span,24,0.9793736934661865,15.41,21.82857142857143,4.0
run_534_repetition_0,DONE,optimized_stock_span,25,0.9847879409790039,15.41,23.37857142857143,4.078125
run_535_repetition_0,DONE,optimized_stock_span,26,0.970311164855957,15.420000000000002,23.49285714285714,4.078125
run_536_repetition_0,DONE,optimized_stock_span,27,0.9843060970306396,15.410000000000002,22.842857142857145,4.0625
run_537_repetition_0,DONE,optimized_stock_span,28,0.9708101749420166,15.410000000000002,23.135714285714283,4.078125
run_538_repetition_0,DONE,optimized_stock_span,29,0.9933922290802002,15.400000000000002,21.414285714285715,4.03125
run_539_repetition_0,DONE,optimized_stock_span,30,1.0717220306396484,15.41,21.473333333333336,4.15625
run_540_repetition_0,DONE,baseline_strassen,1,2.608867883682251,18.05,23.846666666666668,4.015625
run_541_repetition_0,DONE,baseline_strassen,2,2.479771137237549,18.03,24.975862068965515,4.03125
run_542_repetition_0,DONE,baseline_strassen,3,2.59071683883667,18.03,24.373333333333335,4.03125
run_543_repetition_0,DONE,baseline_strassen,4,2.611191987991333,18.05,24.013333333333332,4.046875
run_544_repetition_0,DONE,baseline_strassen,5,2.509113073348999,18.03,25.124137931034483,4.046875
run_545_repetition_0,DONE,baseline_strassen,6,2.5956311225891113,18.060000000000002,23.743333333333332,4.078125
run_546_repetition_0,DONE,baseline_strassen,7,2.6106293201446533,18.05,23.516666666666666,4.015625
run_547_repetition_0,DONE,baseline_strassen,8,2.6015751361846924,18.060000000000002,23.956666666666667,3.984375
run_548_repetition_0,DONE,baseline_strassen,9,2.5214548110961914,18.060000000000002,23.782758620689656,4.078125
run_549_repetition_0,DONE,baseline_strassen,10,2.5208189487457275,18.03,24.317241379310346,4.046875
run_550_repetition_0,DONE,baseline_strassen,11,2.584649085998535,18.040000000000003,24.113793103448273,4.078125
run_551_repetition_0,DONE,baseline_strassen,12,2.5783450603485107,18.05,24.06,4.046875
run_552_repetition_0,DONE,baseline_strassen,13,2.61437726020813,18.05,23.626666666666665,4.078125
run_553_repetition_0,DONE,baseline_strassen,14,2.4980459213256836,18.060000000000002,24.803448275862067,4.15625
run_554_repetition_0,DONE,baseline_strassen,15,2.5810611248016357,18.060000000000002,23.529999999999998,4.078125
run_555_repetition_0,DONE,baseline_strassen,16,2.6216211318969727,18.07,23.38,3.953125
run_556_repetition_0,DONE,baseline_strassen,17,2.6073789596557617,18.040000000000003,23.986666666666668,3.9375
run_557_repetition_0,DONE,baseline_strassen,18,2.5971992015838623,18.04,23.773333333333333,4.109375
run_558_repetition_0,DONE,baseline_strassen,19,2.587447166442871,18.060000000000002,24.0,4.03125
run_559_repetition_0,DONE,baseline_strassen,20,2.478361129760742,18.01,25.148275862068964,3.984375
run_560_repetition_0,DONE,baseline_strassen,21,2.4977970123291016,18.03,24.82758620689655,4.046875
run_561_repetition_0,DONE,baseline_strassen,22,2.613025188446045,18.03,22.986666666666668,3.9375
run_562_repetition_0,DONE,baseline_strassen,23,2.4841887950897217,18.040000000000003,25.02758620689655,4.078125
run_563_repetition_0,DONE,baseline_strassen,24,2.609189987182617,18.05,23.65666666666667,4.015625
run_564_repetition_0,DONE,baseline_strassen,25,2.6042819023132324,18.060000000000002,23.666666666666668,4.0625
run_565_repetition_0,DONE,baseline_strassen,26,2.607903003692627,18.050000000000004,23.94,4.0
run_566_repetition_0,DONE,baseline_strassen,27,2.682664394378662,18.060000000000002,23.4741935483871,3.953125
run_567_repetition_0,DONE,baseline_strassen,28,2.605699062347412,18.060000000000002,23.709999999999997,4.015625
run_568_repetition_0,DONE,baseline_strassen,29,2.598623037338257,18.060000000000002,24.470000000000002,3.953125
run_569_repetition_0,DONE,baseline_strassen,30,2.588927984237671,18.05,24.153333333333332,3.953125
run_570_repetition_0,DONE,optimized_strassen,1,2.510854959487915,18.040000000000003,24.57586206896552,3.984375
run_571_repetition_0,DONE,optimized_strassen,2,2.4988389015197754,18.020000000000003,24.56551724137931,4.0
run_572_repetition_0,DONE,optimized_strassen,3,2.6285200119018555,18.05,23.44333333333333,4.140625
run_573_repetition_0,DONE,optimized_strassen,4,2.6057660579681396,18.05,24.066666666666666,4.078125
run_574_repetition_0,DONE,optimized_strassen,5,2.6031038761138916,18.05,24.09333333333333,4.078125
run_575_repetition_0,DONE,optimized_strassen,6,2.5043458938598633,18.040000000000003,24.2448275862069,3.953125
run_576_repetition_0,DONE,optimized_strassen,7,2.6225688457489014,18.04,23.076666666666664,4.015625
run_577_repetition_0,DONE,optimized_strassen,8,2.6019911766052246,18.07,23.783333333333335,4.078125
run_578_repetition_0,DONE,optimized_strassen,9,2.596813201904297,18.040000000000003,23.44333333333333,4.109375
run_579_repetition_0,DONE,optimized_strassen,10,2.6127331256866455,18.05,23.540000000000003,3.953125
run_580_repetition_0,DONE,optimized_strassen,11,2.616799831390381,18.05,24.236666666666668,3.953125
run_581_repetition_0,DONE,optimized_strassen,12,2.5080301761627197,18.05,24.086206896551722,4.015625
run_582_repetition_0,DONE,optimized_strassen,13,2.5895869731903076,18.040000000000003,24.4,4.015625
run_583_repetition_0,DONE,optimized_strassen,14,2.6201751232147217,18.04,24.14,3.875
run_584_repetition_0,DONE,optimized_strassen,15,2.638486862182617,18.040000000000003,23.686666666666667,4.015625
run_585_repetition_0,DONE,optimized_strassen,16,2.600768804550171,18.05,24.19333333333333,4.0
run_586_repetition_0,DONE,optimized_strassen,17,2.487112045288086,18.020000000000003,24.889285714285712,4.015625
run_587_repetition_0,DONE,optimized_strassen,18,2.5998082160949707,18.060000000000002,23.833333333333332,4.015625
run_588_repetition_0,DONE,optimized_strassen,19,2.598245859146118,18.07,23.323333333333334,4.0
run_589_repetition_0,DONE,optimized_strassen,20,2.611417055130005,18.050000000000004,23.706666666666667,3.875
run_590_repetition_0,DONE,optimized_strassen,21,2.6149301528930664,18.05,23.726666666666667,4.015625
run_591_repetition_0,DONE,optimized_strassen,22,2.584663152694702,18.04,24.386666666666667,4.40625
run_592_repetition_0,DONE,optimized_strassen,23,2.6197681427001953,18.060000000000002,24.46333333333333,4.09375
run_593_repetition_0,DONE,optimized_strassen,24,2.4999732971191406,18.03,24.76206896551724,4.0
run_594_repetition_0,DONE,optimized_strassen,25,2.604168176651001,18.060000000000002,24.003333333333334,4.015625
run_595_repetition_0,DONE,optimized_strassen,26,2.611274003982544,18.04,23.866666666666667,3.984375
run_596_repetition_0,DONE,optimized_strassen,27,2.6102583408355713,18.05,23.966666666666665,4.078125
run_597_repetition_0,DONE,optimized_strassen,28,2.6009347438812256,18.05,24.033333333333335,4.078125
run_598_repetition_0,DONE,optimized_strassen,29,2.617478847503662,18.04,24.483333333333334,4.078125
run_599_repetition_0,DONE,optimized_strassen,30,2.504772663116455,18.040000000000003,24.06551724137931,4.0
